distribution,precision_at_k,recall_at_k,popular_item_ratio,diversity
uniform,0.0025000000,0.0125000000,0.2350000000,0.5750000000
power-law,0.0550000000,0.2150595238,0.9475000000,0.1325000000
