distribution,precision_at_k,recall_at_k,popular_item_ratio,diversity
uniform,0.0013333333333333335,0.006666666666666667,0.1607671957671957,0.5125
power_law,0.07398989898989898,0.06489898989898991,0.2139610389610389,0.05625
