label,heap_used_mb,rss_mb,external_mb
before_graph,9.32,56.27,2.36
after_graph,12.1,62.82,2.33
after_sample,15.91,73.43,2.38
after_run,20.21,92.25,2.37
before_graph_to_after_graph,2.7799999999999994,6.549999999999997,-0.029999999999999805
after_graph_to_after_run,8.110000000000001,29.43,0.040000000000000036
